dateid,day,month,year
305,21,4,2024
596,21,4,2024
124,21,4,2024
710,21,4,2024
909,21,4,2024
1110,21,4,2024
315,21,4,2024
651,21,4,2024
1172,21,4,2024
517,21,4,2024
187,21,4,2024
394,21,4,2024
364,21,4,2024
248,21,4,2024
458,21,4,2024
27,21,4,2024
1077,21,4,2024
525,21,4,2024
744,21,4,2024
490,21,4,2024
314,21,4,2024
777,21,4,2024
177,21,4,2024
26,21,4,2024
650,21,4,2024
966,21,4,2024
512,21,4,2024
149,21,4,2024
917,21,4,2024
663,21,4,2024
446,21,4,2024
408,21,4,2024
298,21,4,2024
759,21,4,2024
162,21,4,2024
1094,21,4,2024
674,21,4,2024
292,21,4,2024
172,21,4,2024
354,21,4,2024
224,21,4,2024
1248,21,4,2024
941,21,4,2024
1133,21,4,2024
1044,21,4,2024
860,21,4,2024
77,21,4,2024
692,21,4,2024
1273,21,4,2024
279,21,4,2024
210,21,4,2024
1086,21,4,2024
1160,21,4,2024
807,21,4,2024
469,21,4,2024
1258,21,4,2024
1176,21,4,2024
819,21,4,2024
253,21,4,2024
748,21,4,2024
155,21,4,2024
1303,21,4,2024
276,21,4,2024
257,21,4,2024
184,21,4,2024
688,21,4,2024
449,21,4,2024
1108,21,4,2024
899,21,4,2024
102,21,4,2024
208,21,4,2024
1039,21,4,2024
992,21,4,2024
493,21,4,2024
1221,21,4,2024
474,21,4,2024
726,21,4,2024
955,21,4,2024
328,21,4,2024
45,21,4,2024
1134,21,4,2024
722,21,4,2024
1215,21,4,2024
501,21,4,2024
945,21,4,2024
898,21,4,2024
1297,21,4,2024
536,21,4,2024
573,21,4,2024
601,21,4,2024
781,21,4,2024
659,21,4,2024
849,21,4,2024
774,21,4,2024
171,21,4,2024
1252,21,4,2024
841,21,4,2024
894,21,4,2024
1266,21,4,2024
766,21,4,2024
870,21,4,2024
514,21,4,2024
180,21,4,2024
1171,21,4,2024
144,21,4,2024
1083,21,4,2024
971,21,4,2024
1019,21,4,2024
313,21,4,2024
1,21,4,2024
559,21,4,2024
711,21,4,2024
1283,21,4,2024
96,21,4,2024
682,21,4,2024
505,21,4,2024
552,21,4,2024
620,21,4,2024
1285,21,4,2024
470,21,4,2024
407,21,4,2024
1290,21,4,2024
840,21,4,2024
822,21,4,2024
937,21,4,2024
352,21,4,2024
1003,21,4,2024
1074,21,4,2024
238,21,4,2024
1157,21,4,2024
565,21,4,2024
780,21,4,2024
519,21,4,2024
1140,21,4,2024
1045,21,4,2024
667,21,4,2024
1188,21,4,2024
1067,21,4,2024
896,21,4,2024
447,21,4,2024
1116,21,4,2024
613,21,4,2024
1076,21,4,2024
831,21,4,2024
1291,21,4,2024
563,21,4,2024
70,21,4,2024
348,21,4,2024
606,21,4,2024
390,21,4,2024
154,21,4,2024
1089,21,4,2024
1009,21,4,2024
243,21,4,2024
103,21,4,2024
203,21,4,2024
1136,21,4,2024
1119,21,4,2024
738,21,4,2024
479,21,4,2024
389,21,4,2024
472,21,4,2024
419,21,4,2024
535,21,4,2024
416,21,4,2024
130,21,4,2024
1228,21,4,2024
733,21,4,2024
60,21,4,2024
265,21,4,2024
1050,21,4,2024
639,21,4,2024
344,21,4,2024
112,21,4,2024
82,21,4,2024
326,21,4,2024
64,21,4,2024
1087,21,4,2024
1107,21,4,2024
908,21,4,2024
532,21,4,2024
83,21,4,2024
566,21,4,2024
1112,21,4,2024
797,21,4,2024
1011,21,4,2024
1057,21,4,2024
90,21,4,2024
984,21,4,2024
212,21,4,2024
1225,21,4,2024
99,21,4,2024
868,21,4,2024
883,21,4,2024
686,21,4,2024
699,21,4,2024
383,21,4,2024
1194,21,4,2024
1015,21,4,2024
553,21,4,2024
961,21,4,2024
280,21,4,2024
574,21,4,2024
818,21,4,2024
510,21,4,2024
967,21,4,2024
204,21,4,2024
605,21,4,2024
970,21,4,2024
161,21,4,2024
969,21,4,2024
79,21,4,2024
913,21,4,2024
858,21,4,2024
641,21,4,2024
1218,21,4,2024
645,21,4,2024
587,21,4,2024
461,21,4,2024
608,21,4,2024
1195,21,4,2024
974,21,4,2024
31,21,4,2024
91,21,4,2024
1245,21,4,2024
943,21,4,2024
222,21,4,2024
949,21,4,2024
201,21,4,2024
1068,21,4,2024
477,21,4,2024
334,21,4,2024
125,21,4,2024
995,21,4,2024
19,21,4,2024
217,21,4,2024
1142,21,4,2024
956,21,4,2024
483,21,4,2024
1207,21,4,2024
71,21,4,2024
770,21,4,2024
507,21,4,2024
1173,21,4,2024
453,21,4,2024
1047,21,4,2024
1211,21,4,2024
365,21,4,2024
648,21,4,2024
113,21,4,2024
350,21,4,2024
600,21,4,2024
779,21,4,2024
391,21,4,2024
134,21,4,2024
678,21,4,2024
392,21,4,2024
757,21,4,2024
983,21,4,2024
47,21,4,2024
1012,21,4,2024
462,21,4,2024
426,21,4,2024
1020,21,4,2024
1113,21,4,2024
622,21,4,2024
947,21,4,2024
81,21,4,2024
768,21,4,2024
1254,21,4,2024
1275,21,4,2024
131,21,4,2024
993,21,4,2024
588,21,4,2024
980,21,4,2024
718,21,4,2024
236,21,4,2024
595,21,4,2024
869,21,4,2024
450,21,4,2024
771,21,4,2024
529,21,4,2024
1120,21,4,2024
675,21,4,2024
1051,21,4,2024
337,21,4,2024
844,21,4,2024
1187,21,4,2024
557,21,4,2024
342,21,4,2024
1256,21,4,2024
1235,21,4,2024
706,21,4,2024
508,21,4,2024
685,21,4,2024
147,21,4,2024
1280,21,4,2024
1262,21,4,2024
1105,21,4,2024
914,21,4,2024
6,21,4,2024
1060,21,4,2024
51,21,4,2024
219,21,4,2024
582,21,4,2024
436,21,4,2024
1072,21,4,2024
551,21,4,2024
884,21,4,2024
1229,21,4,2024
723,21,4,2024
1129,21,4,2024
301,21,4,2024
141,21,4,2024
1038,21,4,2024
1295,21,4,2024
996,21,4,2024
897,21,4,2024
345,21,4,2024
370,21,4,2024
1204,21,4,2024
1288,21,4,2024
468,21,4,2024
951,21,4,2024
618,21,4,2024
373,21,4,2024
926,21,4,2024
1144,21,4,2024
665,21,4,2024
1153,21,4,2024
274,21,4,2024
250,21,4,2024
830,21,4,2024
813,21,4,2024
445,21,4,2024
948,21,4,2024
76,21,4,2024
1075,21,4,2024
769,21,4,2024
1138,21,4,2024
814,21,4,2024
1234,21,4,2024
795,21,4,2024
336,21,4,2024
1014,21,4,2024
833,21,4,2024
530,21,4,2024
1174,21,4,2024
148,21,4,2024
500,21,4,2024
2,21,4,2024
263,21,4,2024
1029,21,4,2024
934,21,4,2024
296,21,4,2024
288,21,4,2024
756,21,4,2024
351,21,4,2024
262,21,4,2024
619,21,4,2024
1232,21,4,2024
123,21,4,2024
1159,21,4,2024
861,21,4,2024
867,21,4,2024
636,21,4,2024
878,21,4,2024
428,21,4,2024
353,21,4,2024
862,21,4,2024
957,21,4,2024
104,21,4,2024
564,21,4,2024
331,21,4,2024
277,21,4,2024
731,21,4,2024
216,21,4,2024
1260,21,4,2024
907,21,4,2024
602,21,4,2024
165,21,4,2024
214,21,4,2024
195,21,4,2024
340,21,4,2024
901,21,4,2024
803,21,4,2024
567,21,4,2024
181,21,4,2024
11,21,4,2024
205,21,4,2024
592,21,4,2024
56,21,4,2024
921,21,4,2024
75,21,4,2024
1063,21,4,2024
1104,21,4,2024
385,21,4,2024
1017,21,4,2024
640,21,4,2024
431,21,4,2024
823,21,4,2024
228,21,4,2024
287,21,4,2024
362,21,4,2024
329,21,4,2024
960,21,4,2024
634,21,4,2024
105,21,4,2024
1264,21,4,2024
321,21,4,2024
890,21,4,2024
1223,21,4,2024
1034,21,4,2024
1126,21,4,2024
785,21,4,2024
17,21,4,2024
1279,21,4,2024
218,21,4,2024
724,21,4,2024
382,21,4,2024
835,21,4,2024
787,21,4,2024
34,21,4,2024
643,21,4,2024
116,21,4,2024
251,21,4,2024
375,21,4,2024
1127,21,4,2024
1205,21,4,2024
1259,21,4,2024
717,21,4,2024
946,21,4,2024
347,21,4,2024
855,21,4,2024
843,21,4,2024
220,21,4,2024
991,21,4,2024
1190,21,4,2024
1217,21,4,2024
1071,21,4,2024
788,21,4,2024
25,21,4,2024
1091,21,4,2024
1048,21,4,2024
561,21,4,2024
357,21,4,2024
234,21,4,2024
964,21,4,2024
824,21,4,2024
300,21,4,2024
810,21,4,2024
1059,21,4,2024
754,21,4,2024
736,21,4,2024
143,21,4,2024
1241,21,4,2024
433,21,4,2024
1049,21,4,2024
1294,21,4,2024
998,21,4,2024
832,21,4,2024
837,21,4,2024
1166,21,4,2024
1022,21,4,2024
1069,21,4,2024
1189,21,4,2024
752,21,4,2024
267,21,4,2024
533,21,4,2024
122,21,4,2024
53,21,4,2024
1301,21,4,2024
244,21,4,2024
174,21,4,2024
1097,21,4,2024
696,21,4,2024
694,21,4,2024
425,21,4,2024
859,21,4,2024
175,21,4,2024
54,21,4,2024
1236,21,4,2024
233,21,4,2024
820,21,4,2024
196,21,4,2024
1237,21,4,2024
1088,21,4,2024
299,21,4,2024
256,21,4,2024
80,21,4,2024
50,21,4,2024
275,21,4,2024
225,21,4,2024
42,21,4,2024
1222,21,4,2024
1065,21,4,2024
427,21,4,2024
865,21,4,2024
1018,21,4,2024
1287,21,4,2024
916,21,4,2024
852,21,4,2024
959,21,4,2024
925,21,4,2024
784,21,4,2024
700,21,4,2024
1084,21,4,2024
863,21,4,2024
836,21,4,2024
874,21,4,2024
538,21,4,2024
402,21,4,2024
687,21,4,2024
1244,21,4,2024
163,21,4,2024
46,21,4,2024
1052,21,4,2024
1146,21,4,2024
762,21,4,2024
226,21,4,2024
730,21,4,2024
371,21,4,2024
432,21,4,2024
176,21,4,2024
157,21,4,2024
534,21,4,2024
799,21,4,2024
579,21,4,2024
1061,21,4,2024
384,21,4,2024
786,21,4,2024
215,21,4,2024
460,21,4,2024
562,21,4,2024
1033,21,4,2024
763,21,4,2024
772,21,4,2024
816,21,4,2024
950,21,4,2024
848,21,4,2024
455,21,4,2024
712,21,4,2024
864,21,4,2024
57,21,4,2024
802,21,4,2024
466,21,4,2024
826,21,4,2024
654,21,4,2024
206,21,4,2024
1298,21,4,2024
684,21,4,2024
875,21,4,2024
192,21,4,2024
1177,21,4,2024
86,21,4,2024
1114,21,4,2024
812,21,4,2024
464,21,4,2024
438,21,4,2024
580,21,4,2024
9,21,4,2024
544,21,4,2024
1199,21,4,2024
856,21,4,2024
1032,21,4,2024
398,21,4,2024
1202,21,4,2024
1007,21,4,2024
915,21,4,2024
805,21,4,2024
170,21,4,2024
1286,21,4,2024
463,21,4,2024
423,21,4,2024
1001,21,4,2024
127,21,4,2024
632,21,4,2024
513,21,4,2024
695,21,4,2024
138,21,4,2024
584,21,4,2024
164,21,4,2024
627,21,4,2024
434,21,4,2024
84,21,4,2024
1145,21,4,2024
548,21,4,2024
1251,21,4,2024
543,21,4,2024
542,21,4,2024
478,21,4,2024
1246,21,4,2024
658,21,4,2024
922,21,4,2024
269,21,4,2024
1037,21,4,2024
518,21,4,2024
930,21,4,2024
621,21,4,2024
200,21,4,2024
109,21,4,2024
88,21,4,2024
270,21,4,2024
101,21,4,2024
547,21,4,2024
683,21,4,2024
1272,21,4,2024
1024,21,4,2024
1242,21,4,2024
690,21,4,2024
261,21,4,2024
1082,21,4,2024
792,21,4,2024
704,21,4,2024
701,21,4,2024
1193,21,4,2024
571,21,4,2024
635,21,4,2024
37,21,4,2024
1162,21,4,2024
988,21,4,2024
661,21,4,2024
459,21,4,2024
978,21,4,2024
1150,21,4,2024
740,21,4,2024
258,21,4,2024
1154,21,4,2024
1046,21,4,2024
554,21,4,2024
58,21,4,2024
173,21,4,2024
168,21,4,2024
610,21,4,2024
10,21,4,2024
902,21,4,2024
671,21,4,2024
8,21,4,2024
435,21,4,2024
806,21,4,2024
623,21,4,2024
235,21,4,2024
369,21,4,2024
199,21,4,2024
140,21,4,2024
137,21,4,2024
764,21,4,2024
1027,21,4,2024
872,21,4,2024
1276,21,4,2024
750,21,4,2024
1056,21,4,2024
1141,21,4,2024
232,21,4,2024
905,21,4,2024
1224,21,4,2024
39,21,4,2024
1164,21,4,2024
746,21,4,2024
378,21,4,2024
834,21,4,2024
404,21,4,2024
578,21,4,2024
285,21,4,2024
847,21,4,2024
87,21,4,2024
4,21,4,2024
630,21,4,2024
944,21,4,2024
603,21,4,2024
612,21,4,2024
487,21,4,2024
615,21,4,2024
59,21,4,2024
1148,21,4,2024
95,21,4,2024
664,21,4,2024
1053,21,4,2024
987,21,4,2024
156,21,4,2024
249,21,4,2024
647,21,4,2024
1151,21,4,2024
828,21,4,2024
999,21,4,2024
745,21,4,2024
1147,21,4,2024
409,21,4,2024
1265,21,4,2024
524,21,4,2024
1198,21,4,2024
527,21,4,2024
132,21,4,2024
775,21,4,2024
1062,21,4,2024
150,21,4,2024
581,21,4,2024
451,21,4,2024
476,21,4,2024
1103,21,4,2024
825,21,4,2024
1155,21,4,2024
1253,21,4,2024
778,21,4,2024
422,21,4,2024
22,21,4,2024
604,21,4,2024
577,21,4,2024
278,21,4,2024
942,21,4,2024
854,21,4,2024
646,21,4,2024
809,21,4,2024
497,21,4,2024
496,21,4,2024
397,21,4,2024
72,21,4,2024
480,21,4,2024
1064,21,4,2024
989,21,4,2024
888,21,4,2024
631,21,4,2024
15,21,4,2024
1179,21,4,2024
972,21,4,2024
614,21,4,2024
976,21,4,2024
572,21,4,2024
919,21,4,2024
589,21,4,2024
520,21,4,2024
189,21,4,2024
442,21,4,2024
92,21,4,2024
1168,21,4,2024
286,21,4,2024
1131,21,4,2024
311,21,4,2024
932,21,4,2024
857,21,4,2024
673,21,4,2024
504,21,4,2024
793,21,4,2024
904,21,4,2024
38,21,4,2024
393,21,4,2024
374,21,4,2024
1191,21,4,2024
625,21,4,2024
1196,21,4,2024
982,21,4,2024
891,21,4,2024
231,21,4,2024
871,21,4,2024
729,21,4,2024
689,21,4,2024
609,21,4,2024
153,21,4,2024
1210,21,4,2024
638,21,4,2024
628,21,4,2024
346,21,4,2024
1163,21,4,2024
146,21,4,2024
49,21,4,2024
324,21,4,2024
817,21,4,2024
7,21,4,2024
556,21,4,2024
523,21,4,2024
494,21,4,2024
242,21,4,2024
742,21,4,2024
851,21,4,2024
839,21,4,2024
106,21,4,2024
1257,21,4,2024
1085,21,4,2024
43,21,4,2024
21,21,4,2024
1281,21,4,2024
1170,21,4,2024
845,21,4,2024
221,21,4,2024
936,21,4,2024
396,21,4,2024
452,21,4,2024
716,21,4,2024
1255,21,4,2024
29,21,4,2024
655,21,4,2024
489,21,4,2024
223,21,4,2024
887,21,4,2024
1041,21,4,2024
1274,21,4,2024
698,21,4,2024
492,21,4,2024
260,21,4,2024
703,21,4,2024
590,21,4,2024
117,21,4,2024
93,21,4,2024
732,21,4,2024
361,21,4,2024
338,21,4,2024
782,21,4,2024
1200,21,4,2024
1006,21,4,2024
167,21,4,2024
335,21,4,2024
1292,21,4,2024
569,21,4,2024
642,21,4,2024
644,21,4,2024
879,21,4,2024
1028,21,4,2024
747,21,4,2024
1284,21,4,2024
293,21,4,2024
421,21,4,2024
307,21,4,2024
118,21,4,2024
918,21,4,2024
1036,21,4,2024
920,21,4,2024
67,21,4,2024
322,21,4,2024
886,21,4,2024
776,21,4,2024
611,21,4,2024
1096,21,4,2024
1277,21,4,2024
1268,21,4,2024
708,21,4,2024
437,21,4,2024
626,21,4,2024
1167,21,4,2024
811,21,4,2024
169,21,4,2024
1122,21,4,2024
800,21,4,2024
560,21,4,2024
198,21,4,2024
1201,21,4,2024
677,21,4,2024
1121,21,4,2024
356,21,4,2024
583,21,4,2024
498,21,4,2024
1249,21,4,2024
1227,21,4,2024
653,21,4,2024
211,21,4,2024
889,21,4,2024
368,21,4,2024
495,21,4,2024
885,21,4,2024
973,21,4,2024
111,21,4,2024
912,21,4,2024
1220,21,4,2024
927,21,4,2024
666,21,4,2024
952,21,4,2024
743,21,4,2024
1230,21,4,2024
893,21,4,2024
1002,21,4,2024
900,21,4,2024
846,21,4,2024
1095,21,4,2024
521,21,4,2024
558,21,4,2024
939,21,4,2024
429,21,4,2024
739,21,4,2024
1239,21,4,2024
669,21,4,2024
1073,21,4,2024
662,21,4,2024
491,21,4,2024
114,21,4,2024
1106,21,4,2024
633,21,4,2024
465,21,4,2024
330,21,4,2024
1213,21,4,2024
1302,21,4,2024
240,21,4,2024
457,21,4,2024
933,21,4,2024
1212,21,4,2024
411,21,4,2024
1023,21,4,2024
454,21,4,2024
1005,21,4,2024
576,21,4,2024
377,21,4,2024
264,21,4,2024
349,21,4,2024
306,21,4,2024
74,21,4,2024
3,21,4,2024
415,21,4,2024
291,21,4,2024
721,21,4,2024
55,21,4,2024
986,21,4,2024
69,21,4,2024
1016,21,4,2024
23,21,4,2024
798,21,4,2024
1124,21,4,2024
892,21,4,2024
209,21,4,2024
924,21,4,2024
359,21,4,2024
753,21,4,2024
1137,21,4,2024
546,21,4,2024
52,21,4,2024
668,21,4,2024
660,21,4,2024
652,21,4,2024
266,21,4,2024
1261,21,4,2024
417,21,4,2024
994,21,4,2024
838,21,4,2024
1296,21,4,2024
400,21,4,2024
312,21,4,2024
975,21,4,2024
1267,21,4,2024
637,21,4,2024
629,21,4,2024
575,21,4,2024
18,21,4,2024
471,21,4,2024
473,21,4,2024
1055,21,4,2024
808,21,4,2024
911,21,4,2024
159,21,4,2024
1043,21,4,2024
624,21,4,2024
271,21,4,2024
1185,21,4,2024
295,21,4,2024
239,21,4,2024
1098,21,4,2024
246,21,4,2024
767,21,4,2024
420,21,4,2024
145,21,4,2024
672,21,4,2024
598,21,4,2024
380,21,4,2024
1143,21,4,2024
1013,21,4,2024
751,21,4,2024
1021,21,4,2024
929,21,4,2024
528,21,4,2024
906,21,4,2024
1247,21,4,2024
1219,21,4,2024
1175,21,4,2024
761,21,4,2024
191,21,4,2024
294,21,4,2024
880,21,4,2024
1250,21,4,2024
804,21,4,2024
272,21,4,2024
139,21,4,2024
1109,21,4,2024
509,21,4,2024
14,21,4,2024
1161,21,4,2024
379,21,4,2024
89,21,4,2024
755,21,4,2024
230,21,4,2024
310,21,4,2024
100,21,4,2024
720,21,4,2024
549,21,4,2024
360,21,4,2024
44,21,4,2024
94,21,4,2024
41,21,4,2024
405,21,4,2024
1300,21,4,2024
882,21,4,2024
1118,21,4,2024
213,21,4,2024
1181,21,4,2024
935,21,4,2024
1042,21,4,2024
977,21,4,2024
545,21,4,2024
1111,21,4,2024
1132,21,4,2024
657,21,4,2024
488,21,4,2024
1008,21,4,2024
725,21,4,2024
227,21,4,2024
372,21,4,2024
319,21,4,2024
341,21,4,2024
697,21,4,2024
475,21,4,2024
5,21,4,2024
317,21,4,2024
1203,21,4,2024
1139,21,4,2024
36,21,4,2024
765,21,4,2024
323,21,4,2024
1269,21,4,2024
1216,21,4,2024
1158,21,4,2024
1040,21,4,2024
441,21,4,2024
1231,21,4,2024
953,21,4,2024
320,21,4,2024
126,21,4,2024
783,21,4,2024
151,21,4,2024
110,21,4,2024
741,21,4,2024
358,21,4,2024
355,21,4,2024
456,21,4,2024
183,21,4,2024
133,21,4,2024
499,21,4,2024
1197,21,4,2024
968,21,4,2024
309,21,4,2024
876,21,4,2024
1117,21,4,2024
1099,21,4,2024
502,21,4,2024
68,21,4,2024
931,21,4,2024
735,21,4,2024
142,21,4,2024
430,21,4,2024
406,21,4,2024
938,21,4,2024
1206,21,4,2024
965,21,4,2024
910,21,4,2024
680,21,4,2024
207,21,4,2024
568,21,4,2024
1182,21,4,2024
290,21,4,2024
541,21,4,2024
801,21,4,2024
65,21,4,2024
1090,21,4,2024
1209,21,4,2024
178,21,4,2024
413,21,4,2024
366,21,4,2024
773,21,4,2024
387,21,4,2024
749,21,4,2024
1192,21,4,2024
1031,21,4,2024
107,21,4,2024
28,21,4,2024
1093,21,4,2024
607,21,4,2024
850,21,4,2024
516,21,4,2024
424,21,4,2024
796,21,4,2024
555,21,4,2024
1282,21,4,2024
197,21,4,2024
1263,21,4,2024
254,21,4,2024
1115,21,4,2024
789,21,4,2024
339,21,4,2024
363,21,4,2024
241,21,4,2024
1184,21,4,2024
281,21,4,2024
1180,21,4,2024
1026,21,4,2024
33,21,4,2024
1080,21,4,2024
923,21,4,2024
714,21,4,2024
728,21,4,2024
414,21,4,2024
484,21,4,2024
1030,21,4,2024
503,21,4,2024
511,21,4,2024
1240,21,4,2024
1214,21,4,2024
1169,21,4,2024
268,21,4,2024
702,21,4,2024
515,21,4,2024
20,21,4,2024
190,21,4,2024
794,21,4,2024
418,21,4,2024
386,21,4,2024
1010,21,4,2024
693,21,4,2024
990,21,4,2024
593,21,4,2024
1186,21,4,2024
62,21,4,2024
734,21,4,2024
962,21,4,2024
877,21,4,2024
128,21,4,2024
760,21,4,2024
13,21,4,2024
1081,21,4,2024
537,21,4,2024
550,21,4,2024
737,21,4,2024
958,21,4,2024
1135,21,4,2024
827,21,4,2024
245,21,4,2024
1100,21,4,2024
186,21,4,2024
1243,21,4,2024
316,21,4,2024
1226,21,4,2024
119,21,4,2024
963,21,4,2024
410,21,4,2024
1130,21,4,2024
691,21,4,2024
815,21,4,2024
166,21,4,2024
158,21,4,2024
616,21,4,2024
1156,21,4,2024
1293,21,4,2024
40,21,4,2024
1092,21,4,2024
526,21,4,2024
412,21,4,2024
1278,21,4,2024
670,21,4,2024
108,21,4,2024
439,21,4,2024
237,21,4,2024
12,21,4,2024
443,21,4,2024
539,21,4,2024
1152,21,4,2024
928,21,4,2024
656,21,4,2024
325,21,4,2024
1233,21,4,2024
594,21,4,2024
1078,21,4,2024
308,21,4,2024
940,21,4,2024
283,21,4,2024
1070,21,4,2024
194,21,4,2024
506,21,4,2024
343,21,4,2024
709,21,4,2024
791,21,4,2024
842,21,4,2024
318,21,4,2024
1054,21,4,2024
120,21,4,2024
1004,21,4,2024
289,21,4,2024
129,21,4,2024
193,21,4,2024
586,21,4,2024
1079,21,4,2024
98,21,4,2024
24,21,4,2024
255,21,4,2024
327,21,4,2024
1149,21,4,2024
866,21,4,2024
853,21,4,2024
35,21,4,2024
1128,21,4,2024
482,21,4,2024
97,21,4,2024
599,21,4,2024
954,21,4,2024
522,21,4,2024
388,21,4,2024
136,21,4,2024
304,21,4,2024
229,21,4,2024
903,21,4,2024
63,21,4,2024
727,21,4,2024
679,21,4,2024
202,21,4,2024
873,21,4,2024
1058,21,4,2024
681,21,4,2024
570,21,4,2024
367,21,4,2024
135,21,4,2024
395,21,4,2024
1035,21,4,2024
1270,21,4,2024
985,21,4,2024
273,21,4,2024
152,21,4,2024
1125,21,4,2024
979,21,4,2024
617,21,4,2024
1299,21,4,2024
30,21,4,2024
719,21,4,2024
48,21,4,2024
1165,21,4,2024
1101,21,4,2024
1178,21,4,2024
297,21,4,2024
531,21,4,2024
1025,21,4,2024
66,21,4,2024
591,21,4,2024
185,21,4,2024
705,21,4,2024
160,21,4,2024
188,21,4,2024
115,21,4,2024
179,21,4,2024
1000,21,4,2024
1102,21,4,2024
401,21,4,2024
485,21,4,2024
1289,21,4,2024
758,21,4,2024
1066,21,4,2024
444,21,4,2024
381,21,4,2024
790,21,4,2024
981,21,4,2024
247,21,4,2024
121,21,4,2024
284,21,4,2024
85,21,4,2024
895,21,4,2024
403,21,4,2024
302,21,4,2024
715,21,4,2024
829,21,4,2024
16,21,4,2024
1271,21,4,2024
540,21,4,2024
676,21,4,2024
1183,21,4,2024
78,21,4,2024
333,21,4,2024
881,21,4,2024
585,21,4,2024
997,21,4,2024
252,21,4,2024
376,21,4,2024
1123,21,4,2024
707,21,4,2024
448,21,4,2024
399,21,4,2024
1238,21,4,2024
182,21,4,2024
32,21,4,2024
73,21,4,2024
486,21,4,2024
282,21,4,2024
259,21,4,2024
61,21,4,2024
1208,21,4,2024
713,21,4,2024
821,21,4,2024
481,21,4,2024
440,21,4,2024
649,21,4,2024
303,21,4,2024
332,21,4,2024
597,21,4,2024
467,21,4,2024
